Months,UAH
Jan,648.0648
Feb,568.1664000000001
Mar,488.26800000000003
Apr,403.93080000000003
May,324.0324
Jun,292.9608
Jul,261.8892
Aug,275.2056
Sep,355.10400000000004
Oct,452.7576000000001
Nov,568.1664000000001
Dec,683.5752000000001
Avg,443.88000000000005
