Months,%
Jan,18.356164383561644
Feb,27.3125
Mar,37.309090909090905
Apr,56.87912087912088
May,85.58904109589041
Jun,101.09090909090908
Jul,100.20338983050847
Aug,96.90322580645162
Sep,65.39999999999999
Oct,43.05882352941177
Nov,22.125
Dec,16.155844155844154
Avg,46.07999999999999
