Months,UAH
Jan,434.16
Feb,566.352
Mar,664.8480000000001
Apr,838.5120000000001
May,1012.176
Jun,1069.2
Jul,955.8000000000001
Aug,973.2959999999999
Sep,847.5840000000001
Oct,711.5040000000001
Nov,458.78400000000005
Dec,403.05600000000004
Avg,746.496
