Months,UAH
Jan,2365.2000000000003
Feb,2073.6000000000004
Mar,1782.0000000000005
Apr,1474.2
May,1182.6000000000001
Jun,1069.2
Jul,955.8000000000001
Aug,1004.4000000000001
Sep,1296.0
Oct,1652.4
Nov,2073.6000000000004
Dec,2494.8
Avg,1620.0
